nombres;email
Audrey Anderson;juansimon@hotmail.com
Sarah Mitchell;boylejennifer@gmail.com
Jonathan Torres;davenportnicole@gmail.com
Lisa Tucker;denise09@giles-wilson.com
Joseph Williams;craiggraham@yahoo.com
Anthony Oconnor;kimberly98@harris.com
Tyler Sandoval;gary07@yahoo.com
Aaron Carroll II;janiceking@diaz.org
Eric Anderson;andrew16@martinez-davis.com
Kimberly Perez;charlesrichardson@hotmail.com
James Burke;johnhernandez@walter.com
John Harrington;herreracameron@taylor.com
Christopher Garcia;jeff90@bennett.com
Christopher Green;jennifersmith@reyes.com
