user_name	date_of_birth	country	jobr
eiddominique	1935-07-17	Burkina Faso	Tourism officer
katherineperry	1971-12-20	Mexico	Ambulance person
melissa26	1960-07-13	Sierra Leone	Contractor
bookerrichard	1996-10-28	Latvia	Lecturer, further education
pageangela	1907-06-03	Ecuador	Drilling engineer
scott40	1968-12-09	Switzerland	Fitness centre manager
fwashington	2003-04-29	Cambodia	Osteopath
woodardjulia	1918-07-09	South Georgia and the South Sandwich Islands	Newspaper journalist
jamessmith	1989-01-31	Slovenia	Industrial/product designer
jensenelizabeth	1964-09-28	Italy	Speech and language therapist
fmartin	1998-04-05	Equatorial Guinea	Catering manager
leetoni	1919-10-13	Hong Kong	Barrister
campbellhannah	1945-07-06	Tuvalu	Magazine features editor
harrisbryan	1973-03-19	Puerto Rico	International aid/development worker
avilajoshua	1968-07-11	Estonia	Engineer, production
gouldian	1909-04-22	Niger	Film/video editor
jonathan00	2005-08-19	Spain	Scientist, research (physical sciences)
samuelchen	1936-10-19	Brazil	Sport and exercise psychologist
thomasmaria	2006-12-08	Kuwait	Therapist, nutritional
bradley28	1935-04-17	Georgia	Pensions consultant
projas	1908-01-01	Papua New Guinea	Make
mary14	1933-11-27	Pakistan	Therapist, drama
miranda50	1967-04-20	Latvia	Immunologist
qray	1904-08-05	Bahamas	Television/film/video producer
escobarvirginia	1996-08-10	Libyan Arab Jamahiriya	Furniture conservator/restorer
kedwards	2009-04-02	American Samoa	Secondary school teacher
stantontracy	1928-08-23	Slovenia	Engineering geologist
jessica70	1983-05-06	Cape Verde	Arboriculturist
yharris	1992-06-28	Zimbabwe	Human resources officer
callen	1936-10-01	Albania	Horticulturist, commercial
pittsalison	1960-11-04	Denmark	Surveyor, planning and development
sandracamacho	2011-07-22	United Kingdom	Retail banker
caleb15	2016-03-07	Dominican Republic	Cartographer
judy86	1977-03-01	Bolivia	Prison officer
jjackson	1981-03-29	Serbia	Sales promotion account executive
jeffreybartlett	1909-10-15	Saint Pierre and Miquelon	Film/video editor
andersonjustin	1971-02-06	Montserrat	Commercial horticulturist
vsanders	1921-05-14	Tanzania	Research officer, government
kellyjeremy	2016-03-09	Tuvalu	Surveyor, insurance
bakermichael	1910-11-16	Reunion	Pensions consultant
robinsonvalerie	1923-06-18	Cook Islands	Fisheries officer
mckinneychristopher	1910-08-05	Turks and Caicos Ixslands	Financial trader
robertallen	1973-07-12	Bangladesh	Designer, jewellery
borr	1958-09-25	Mauritania	Barista
ajackson	1928-03-19	Saint Vincent and the Grenadines	Careers information officer
kim66	1927-02-23	Sierra Leone	Educational psychologist
steelejessica	1909-07-17	Luxembourg	Warden/ranger
sgonzalez	2009-01-08	Honduras	Engineer, site
fwade	1990-06-27	Papua New Guinea	Quantity surveyor
thowell	1915-02-08	Holy See (Vatican City State)	Product/process development scientist
fschwartz	1923-10-13	Dominican Republic	Local government officer
madison62	1969-11-28	Maldives	Geographical information systems officer
ninadougherty	1955-08-01	Korea	Homeopath
uburns	1917-05-12	Chad	Geologist, wellsite
johnsonkelly	1998-02-13	Luxembourg	Heritage manager
ngreene	1920-11-08	Japan	Automotive engineer
bweber	1988-06-30	Jamaica	Financial controller
kimberlyhawkins	2005-12-16	Cuba	Food technologist
taylormatthew	1954-04-16	Liechtenstein	Housing manager/officer
brandonfreeman	1907-12-10	Brunei Darussalam	Sports coach
angelakeller	2004-07-26	Morocco	English as a second language teacher
parkerjohnathan	1967-05-08	Cayman Islands	Production manager
zramos	1937-10-19	Liberia	Chartered loss adjuster
cmelendez	1996-07-09	Svalbard & Jan Mayen Islands	Industrial/product designer
dhunter	1959-07-29	Yemen	Arts development officer
ycoleman	1973-10-16	Philippines	Estate agent
reedshelley	1943-10-08	Nauru	Secretary, company
kenneth58	2017-05-04	Guatemala	Secretary, company
stacey71	1925-06-11	Sri Lanka	Sports development officer
kent53	2019-07-02	Guinea-Bissau	Sports development officer
vernonthomas	1927-01-01	Mali	Financial trader
thorntonstacey	1945-11-17	Dominica	Engineer, building services
justin34	1937-03-15	Honduras	Veterinary surgeon
jennifer29	1944-07-22	Uganda	Administrator, sports
katherinecastro	1942-08-05	Yemen	Scientist, biomedical
kelli38	1999-03-04	Madagascar	Estate manager/land agent
wingram	2017-03-20	France	Hospital pharmacist
wardpaul	1963-09-16	Netherlands	Editor, commissioning
vasqueztroy	1988-08-06	Nauru	Psychologist, forensic
amywillis	2016-08-23	Guatemala	Midwife
wreyes	1996-11-19	Iceland	Arts administrator
nicolehester	1958-11-18	Dominican Republic	Barrister
ismith	1969-05-31	Libyan Arab Jamahiriya	Clinical research associate
mccoycarl	1962-01-10	Cape Verde	Social research officer, government
greenemily	2001-04-16	Cote d'Ivoire	Quarry manager
robert60	1945-01-10	Saint Barthelemy	Medical laboratory scientific officer
ewalker	2017-02-17	Netherlands	Advice worker
kennethevans	1921-06-14	Nauru	Therapist, speech and language
kroth	1983-06-19	Vietnam	Quality manager
jason69	1915-12-16	Japan	Osteopath
browndaniel	1957-12-23	Tokelau	Embryologist, clinical
michelle31	1910-02-11	French Southern Territories	Biochemist, clinical
stephaniehernandez	1959-12-19	Canada	Diagnostic radiographer
zmiddleton	1980-08-04	Egypt	Civil engineer, consulting
kennethmorgan	1905-05-13	Peru	Catering manager
deannawoodard	2015-03-16	Antigua and Barbuda	Magazine features editor
david17	1930-01-05	Congo	Comptroller
amanda24	2008-10-19	Botswana	Research scientist (physical sciences)
timothymiller	1967-09-28	Congo	Marine scientist
tracymurphy	1969-12-11	Kuwait	Patent attorney
